{
	"name": "HallOfFame",
	"version": "1.7.0",
	"title": "Hall of Fame: Menu Simulations & Screensaver",
	"author": "stringweasel",	
	"factorio_version": "1.1",
	"dependencies": ["base >= 1.1.3"],
	"description": "Factorio has a rich history of amazing creations, from highly optimized builds to beautiful and chaotic spaghetti. Bases that belong in a Hall of Fame. This mod will play these memorable megabases in the background in the main menu, featuring Zisteau, Xterminator, KatherineOfSky, and many more! These are all beautiful pieces of art, and makes for an amazing screensaver. For more information about these bases check out the mod page!"
}